Name,Year,Total Posts,Total Comments,Total Scores,Avg Comments Per Post,Avg Score Per Post
2024 World Series Game 1,2024,10,5,10,0.5,1.0
2024 World Series Game 2,2024,15,2,45,0.13333333333333333,3.0
2024 World Series Game 3,2024,4,1042,31,260.5,7.75
2024 World Series Game 4,2024,16,710,1309,44.375,81.8125
2024 World Series Game 5,2024,14,60,685,4.285714285714286,48.92857142857143
2023 World Series Game 1,2023,27,1,27,0.037037037037037035,1.0
2023 World Series Game 2,2023,28,95,356,3.392857142857143,12.714285714285714
2023 World Series Game 3,2023,9,0,10,0.0,1.1111111111111112
2023 World Series Game 4,2023,22,2,23,0.09090909090909091,1.0454545454545454
2023 World Series Game 5,2023,28,93,54,3.3214285714285716,1.9285714285714286
2022 World Series Game 1,2022,21,29700,3375,1414.2857142857142,160.71428571428572
2022 World Series Game 2,2022,15,2588,3387,172.53333333333333,225.8
2022 World Series Game 3,2022,6,369,141,61.5,23.5
2022 World Series Game 4,2022,8,427,1259,53.375,157.375
2022 World Series Game 5,2022,15,2332,15744,155.46666666666667,1049.6
2023 World Series Game 6,2022,7,578,1981,82.57142857142857,283.0
2021 World Series Game 1,2021,22,704,2014,32.0,91.54545454545455
2021 World Series Game 2,2021,25,3099,28179,123.96,1127.16
2021 World Series Game 3,2021,10,1552,3857,155.2,385.7
2021 World Series Game 4,2021,8,1509,1964,188.625,245.5
2021 World Series Game 5,2021,23,2555,9757,111.08695652173913,424.2173913043478
2021 World Series Game 6,2021,8,1258,19200,157.25,2400.0
